,mrr_amount,seats,upgrade_flag,downgrade_flag,churn_flag,auto_renew_flag,usage_count,error_count,error_rate,resolution_time_hours,satisfaction_score,escalation_flag,no_feedback,no_ticket
0,3350.6,34.2,3,0,False,0.9,514,27,0.0524271844660194,31.75,4.0,0.0,0,0
1,1569.0,15.333333333333334,0,1,False,0.8888888888888888,602,31,0.0514096185737976,33.0,3.9641630901287552,0.0,1,0
2,678.3333333333334,25.83333333333333,1,0,False,0.8333333333333334,364,22,0.0602739726027397,32.0,3.0,0.0,0,0
3,1501.4545454545455,20.454545454545453,3,0,True,0.5454545454545454,490,21,0.0427698574338085,30.33333333333333,4.0,0.0,0,0
4,928.1111111111112,13.666666666666666,1,0,True,0.6666666666666666,562,30,0.0532859680284191,10.0,3.0,0.0,0,0
5,914.875,13.75,2,0,True,0.625,789,42,0.0531645569620253,42.0,3.0,0.0,0,0
6,2354.0,44.0,0,0,True,0.7857142857142857,684,28,0.0408759124087591,17.333333333333332,4.5,0.3333333333333333,0,0
7,2400.909090909091,25.454545454545453,1,0,False,0.8181818181818182,514,34,0.0660194174757281,23.33333333333333,4.0,0.0,0,0
8,2238.8,25.0,0,0,False,0.8,265,25,0.093984962406015,41.2,4.0,0.0,0,0
9,2210.0,34.0,1,0,True,0.7142857142857143,463,30,0.0646551724137931,20.0,4.0,0.0,0,0
10,701.3333333333334,15.333333333333334,0,0,False,1.0,210,15,0.0710900473933649,30.166666666666668,3.6666666666666665,0.0,0,0
11,2428.0,27.933333333333334,3,2,True,0.8,768,32,0.0416124837451235,36.23851523363719,3.9641630901287552,0.0,1,0
12,1516.1,20.9,4,1,False,0.5,519,30,0.0576923076923076,30.75,3.0,0.0,0,0
13,2787.5625,30.6875,1,1,True,0.875,833,52,0.0623501199040767,46.0,4.0,0.0,0,0
14,970.0,17.923076923076923,0,0,True,0.7692307692307693,642,22,0.0342146189735614,31.5,4.333333333333333,0.0,0,0
15,4259.083333333333,45.083333333333336,2,0,False,0.8333333333333334,706,46,0.065063649222065,20.0,4.0,0.0,0,0
16,2970.9333333333334,26.8,0,0,True,0.8666666666666667,705,37,0.0524079320113314,29.25,4.0,0.0,0,0
17,2908.5,35.0,1,0,True,0.9,598,29,0.0484140233722871,38.8,4.333333333333333,0.0,0,0
18,1350.642857142857,31.428571428571427,1,0,False,0.7857142857142857,743,31,0.0416666666666666,43.5,3.0,0.0,0,0
19,1507.428571428571,18.142857142857142,2,0,True,0.5714285714285714,628,33,0.0524642289348171,35.0,3.6666666666666665,0.0,0,0
20,1983.7272727272727,31.09090909090909,0,0,False,0.6363636363636364,651,32,0.0490797546012269,43.0,3.0,0.0,0,0
21,6363.636363636364,70.0,2,0,False,0.9090909090909092,566,31,0.054673721340388,54.75,3.75,0.25,0,0
22,3953.0,67.0,1,1,True,0.8333333333333334,297,16,0.0536912751677852,28.0,4.5,0.0,0,0
23,1120.5454545454545,19.727272727272727,1,0,True,0.7272727272727273,567,32,0.056338028169014,28.0,3.0,0.5,0,0
24,1219.0666666666666,18.8,1,1,True,1.0,821,48,0.0583941605839416,43.66666666666666,4.666666666666667,0.0,0,0
25,1215.25,19.75,0,0,False,1.0,244,7,0.0285714285714285,33.5,3.9641630901287552,0.0,1,0
26,2676.0,23.88888888888889,0,0,True,0.6666666666666666,599,39,0.065,45.0,4.0,0.0,0,0
27,2576.230769230769,20.692307692307693,1,0,True,1.0,582,48,0.0823327615780446,31.4,4.0,0.2,0,0
28,3083.333333333333,23.33333333333333,0,0,True,1.0,202,9,0.0443349753694581,43.5,4.333333333333333,0.0,0,0
29,235.6,21.4,0,0,True,0.6,297,13,0.0436241610738255,40.285714285714285,4.2,0.1428571428571428,0,0
30,4764.2307692307695,49.61538461538461,3,1,True,0.6923076923076923,765,41,0.0535248041775456,37.0,3.0,0.0,0,0
31,3141.4444444444443,34.111111111111114,0,0,False,0.8888888888888888,512,31,0.0604288499025341,47.0,5.0,0.0,0,0
32,1131.3636363636365,23.63636363636364,0,0,True,0.8181818181818182,636,34,0.053375196232339,31.666666666666668,4.5,0.3333333333333333,0,0
33,511.27272727272725,13.909090909090908,2,0,True,0.7272727272727273,598,28,0.0467445742904841,48.0,4.5,0.0,0,0
34,2163.6363636363635,28.0,0,0,False,0.7272727272727273,539,39,0.0722222222222222,29.75,3.8333333333333335,0.125,0,0
35,387.6666666666667,6.166666666666667,0,0,True,0.5,298,19,0.0635451505016722,27.2,5.0,0.0,0,0
36,1577.125,42.25,0,0,True,0.875,438,22,0.0501138952164009,33.2,3.75,0.2,0,0
37,1464.5,19.33333333333333,1,0,True,0.6666666666666666,257,14,0.0542635658914728,31.33333333333333,3.5,0.0,0,0
38,2559.9166666666665,52.66666666666666,1,0,False,0.6666666666666666,560,23,0.0409982174688057,46.333333333333336,4.333333333333333,0.0,0,0
39,2403.0,45.0,0,1,True,1.0,208,11,0.0526315789473684,32.5,3.6666666666666665,0.1666666666666666,0,0
40,1993.25,16.75,3,4,True,0.75,599,33,0.055,24.2,4.333333333333333,0.0,0,0
41,6520.0,44.0,0,0,True,0.625,369,14,0.0378378378378378,64.0,3.0,0.0,0,0
42,2223.833333333333,23.666666666666668,0,0,True,0.8333333333333334,205,14,0.0679611650485436,32.333333333333336,4.333333333333333,0.3333333333333333,0,0
43,1128.375,21.75,1,0,True,0.75,478,16,0.0334029227557411,28.444444444444443,4.5,0.0,0,0
44,2686.0,34.0,0,0,False,0.3333333333333333,208,9,0.0430622009569378,33.875,4.2,0.0,0,0
45,2850.0,30.0,0,1,False,0.8,366,14,0.0381471389645776,31.0,3.5,0.0,0,0
46,1719.125,24.75,2,1,True,0.875,696,26,0.0373027259684361,42.333333333333336,3.0,0.3333333333333333,0,0
47,3654.9166666666665,61.0,0,0,True,0.8333333333333334,453,29,0.0638766519823788,27.6,4.333333333333333,0.0,0,0
48,2827.1428571428573,32.714285714285715,1,0,False,0.7142857142857143,432,26,0.0600461893764434,42.0,5.0,0.0,0,0
49,879.0,28.181818181818183,0,0,True,0.8181818181818182,440,43,0.0975056689342403,38.0,4.5,0.0,0,0
50,4145.777777777777,64.0,2,0,True,0.7777777777777778,499,28,0.056,36.333333333333336,3.0,0.0,0,0
51,1499.2142857142858,22.214285714285715,1,1,True,0.7142857142857143,614,25,0.040650406504065,38.285714285714285,3.5,0.0,0,0
52,7144.363636363636,148.0,1,0,True,0.8181818181818182,486,20,0.0410677618069815,45.2,3.8,0.0,0,0
53,3951.571428571429,22.714285714285715,1,0,False,0.5714285714285714,362,23,0.0633608815426997,36.57142857142857,3.4,0.0,0,0
54,2054.076923076923,22.07692307692308,1,0,False,0.6923076923076923,601,34,0.0564784053156146,29.33333333333333,4.666666666666667,0.0,0,0
55,1824.9,33.0,0,0,False,0.5,558,31,0.0554561717352415,40.42857142857143,3.8,0.0,0,0
56,1166.5,16.25,1,0,True,0.625,399,12,0.03,42.66666666666666,3.9641630901287552,0.0,1,0
57,797.3636363636364,17.545454545454547,0,1,True,1.0,647,33,0.0509259259259259,27.2,4.0,0.0,0,0
58,1528.1818181818182,19.545454545454547,0,0,True,0.8181818181818182,457,21,0.0458515283842794,43.0,3.0,0.0,0,0
59,2211.285714285714,26.428571428571427,2,0,False,0.7142857142857143,592,35,0.0590219224283305,30.0,4.0,0.0,0,0
60,4053.9166666666665,50.25,1,0,False,0.8333333333333334,682,47,0.068814055636896,43.0,3.2,0.0,0,0
61,2659.0,34.8,1,0,True,0.8,194,15,0.0769230769230769,20.5,5.0,0.5,0,0
62,111.0,4.5,0,0,True,1.0,244,19,0.0775510204081632,23.8,3.6666666666666665,0.0,0,0
63,8610.0,105.0,3,0,True,0.8181818181818182,685,30,0.0437317784256559,38.5,3.5,0.0,0,0
64,1325.0,29.857142857142858,2,0,False,0.7142857142857143,382,21,0.0548302872062663,29.0,3.9641630901287552,0.0,1,0
65,1175.6,22.4,0,1,True,0.6,400,27,0.0673316708229426,50.4,4.2,0.0,0,0
66,5864.0,64.0,1,3,False,0.75,510,47,0.0919765166340508,41.71428571428572,4.4,0.0,0,0
67,2018.6666666666667,21.33333333333333,1,0,True,0.8888888888888888,447,40,0.0892857142857142,36.75,4.666666666666667,0.0,0,0
68,5789.285714285715,53.57142857142857,1,1,False,1.0,430,22,0.0510440835266821,42.25,3.75,0.0,0,0
69,1339.0,23.142857142857142,2,1,True,0.7857142857142857,782,43,0.0549169859514687,16.0,4.0,0.1666666666666666,0,0
70,827.8888888888889,17.22222222222222,1,1,False,0.7777777777777778,429,17,0.0395348837209302,44.8,5.0,0.0,0,0
71,718.8,19.2,0,1,False,0.8,266,20,0.0749063670411985,31.5,4.5,0.0,0,0
72,3448.285714285714,27.0,1,1,False,0.5714285714285714,496,32,0.0643863179074446,28.666666666666668,4.0,0.0,0,0
73,1209.0,13.23076923076923,0,0,False,1.0,678,30,0.0441826215022091,39.5,4.0,0.0,0,0
74,2450.5,39.0,0,0,False,1.0,373,16,0.0427807486631016,36.0,3.9641630901287552,0.0,1,0
75,2040.75,18.58333333333333,1,1,False,0.8333333333333334,680,45,0.066079295154185,47.25,4.0,0.0,0,0
76,1778.1666666666667,25.166666666666668,1,0,True,0.8333333333333334,393,13,0.032994923857868,15.5,4.0,0.0,0,0
77,284.1428571428572,10.714285714285714,0,0,False,0.7142857142857143,357,18,0.0502793296089385,50.4,3.75,0.0,0,0
78,2874.6,28.8,3,0,False,0.8,244,22,0.0897959183673469,32.5,3.0,0.0,0,0
79,571.3333333333334,13.22222222222222,1,0,False,0.8888888888888888,444,19,0.0426966292134831,34.666666666666664,5.0,0.0,0,0
80,2491.846153846154,29.23076923076923,4,0,True,0.8461538461538461,666,31,0.0464767616191904,12.0,4.5,0.0,0,0
81,4973.307692307692,69.0,0,1,True,0.7692307692307693,692,40,0.0577200577200577,37.8,4.6,0.2,0,0
82,2907.1,29.6,2,0,False,0.7,465,19,0.0407725321888412,26.33333333333333,5.0,0.0,0,0
83,4587.2,61.0,0,0,True,0.8,435,26,0.0596330275229357,31.4,3.5,0.0,0,0
84,1260.3,31.2,1,0,False,0.8,535,38,0.0708955223880597,23.0,3.0,0.0,0,0
85,3068.8,43.4,1,0,True,1.0,488,33,0.0674846625766871,43.5,3.0,0.0,0,0
86,1139.0,17.0,1,0,True,0.9,487,26,0.0532786885245901,30.0,3.0,0.0,0,0
87,683.0,23.181818181818183,1,0,True,1.0,654,46,0.0702290076335877,41.0,3.5,0.0,0,0
88,2595.3636363636365,31.545454545454547,0,1,True,1.0,509,24,0.0470588235294117,23.8,3.0,0.0,0,0
89,9492.25,86.0,0,0,False,0.875,402,22,0.0545905707196029,57.66666666666666,4.0,0.0,0,0
90,2200.6,17.2,0,0,False,0.8,268,16,0.0594795539033457,34.2,3.6,0.0,0,0
91,1727.8181818181818,47.81818181818182,1,0,False,0.7272727272727273,560,40,0.071301247771836,22.5,5.0,0.25,0,0
92,2257.428571428572,23.857142857142858,0,0,False,0.8571428571428571,340,23,0.0674486803519061,43.142857142857146,3.5,0.0,0,0
93,562.25,22.75,1,0,True,1.0,418,22,0.0525059665871121,34.5,3.5,0.0,0,0
94,1229.1538461538462,23.0,1,1,True,0.7692307692307693,568,49,0.086115992970123,46.0,3.6666666666666665,0.0,0,0
95,1129.111111111111,29.33333333333333,2,0,True,0.7777777777777778,488,19,0.0388548057259713,34.0,4.5,0.0,0,0
96,1129.3333333333333,11.0,0,0,True,0.5,214,9,0.041860465116279,24.5,3.9641630901287552,0.0,1,0
97,2768.428571428572,40.142857142857146,2,2,False,0.8571428571428571,425,34,0.0798122065727699,32.5,4.0,0.25,0,0
98,565.0,18.33333333333333,0,0,False,1.0,141,5,0.0352112676056338,29.33333333333333,4.5,0.0,0,0
99,2329.333333333333,19.11111111111111,0,0,True,0.6666666666666666,474,40,0.0842105263157894,52.2,3.0,0.0,0,0
100,1215.25,23.0,3,0,True,0.6666666666666666,550,30,0.0544464609800363,35.25,3.8,0.0,0,0
101,2027.0625,25.8125,3,0,True,0.875,791,37,0.0467171717171717,49.75,5.0,0.0,0,0
102,2222.25,12.75,0,1,False,1.0,158,3,0.0188679245283018,56.5,3.9641630901287552,0.0,1,0
103,1009.6666666666666,22.666666666666668,1,1,True,1.0,565,38,0.0671378091872791,28.5,4.5,0.0,0,0
104,3815.0,49.0,1,1,True,0.8571428571428571,352,11,0.0311614730878186,43.75,4.0,0.0,0,0
105,2869.875,32.625,2,0,False,0.75,312,14,0.0447284345047923,22.2,3.6666666666666665,0.2,0,0
106,1565.2222222222222,29.88888888888889,2,1,True,1.0,434,28,0.064367816091954,41.0,4.333333333333333,0.0,0,0
107,1023.6,17.6,2,1,False,0.8,540,23,0.0425138632162661,24.8,4.0,0.2,0,0
108,838.8,10.6,1,0,False,0.4,305,21,0.0686274509803921,39.0,4.25,0.0,0,0
109,1930.636363636364,30.818181818181817,1,1,True,0.7272727272727273,530,37,0.0696798493408663,47.833333333333336,4.25,0.1666666666666666,0,0
110,3981.777777777778,40.44444444444444,0,0,True,0.7777777777777778,455,36,0.0789473684210526,23.0,4.25,0.0,0,0
111,2207.769230769231,25.23076923076923,1,1,False,0.8461538461538461,506,23,0.0453648915187376,44.75,4.5,0.0,0,0
112,2959.9166666666665,36.0,1,2,True,0.9166666666666666,609,30,0.0491803278688524,56.333333333333336,3.5,0.0,0,0
113,2776.428571428572,23.714285714285715,2,0,True,0.8571428571428571,451,21,0.0464601769911504,36.0,4.5,0.0,0,0
114,1821.2307692307693,20.923076923076923,2,1,False,0.6923076923076923,523,24,0.0458015267175572,27.4,4.0,0.0,0,0
115,1420.0,22.58333333333333,1,1,True,0.75,528,33,0.0623818525519848,40.25,3.5,0.0,0,0
116,1242.4166666666667,19.33333333333333,0,1,True,0.8333333333333334,497,22,0.0441767068273092,33.25,3.5,0.0,0,0
117,1065.25,16.875,0,0,False,0.75,447,30,0.0669642857142857,48.333333333333336,4.25,0.1666666666666666,0,0
118,1850.0,37.333333333333336,0,0,False,1.0,509,29,0.0568627450980392,42.5,3.7142857142857135,0.0,0,0
119,1975.3333333333333,26.33333333333333,3,0,True,0.6666666666666666,143,13,0.0902777777777777,41.333333333333336,3.0,0.0,0,0
120,2848.5714285714284,23.142857142857142,1,2,False,0.7142857142857143,407,24,0.0588235294117647,34.8,4.5,0.2,0,0
121,5366.666666666667,92.0,0,0,False,0.8333333333333334,685,32,0.0466472303206997,29.2,3.75,0.0,0,0
122,2591.555555555556,21.55555555555556,1,0,True,1.0,402,17,0.0421836228287841,30.571428571428573,3.6666666666666665,0.0,0,0
123,1803.875,32.5625,2,1,True,0.8125,902,43,0.0476190476190476,40.333333333333336,4.0,0.0,0,0
124,2280.0,25.285714285714285,0,0,True,0.4285714285714285,292,21,0.0716723549488054,42.6,3.5,0.0,0,0
125,1433.3125,20.5625,1,0,True,0.8125,722,31,0.0428769017980636,43.5,4.333333333333333,0.0,0,0
126,1555.5454545454545,24.454545454545453,1,0,True,0.9090909090909092,438,24,0.0546697038724373,48.2,3.333333333333333,0.2,0,0
127,1995.8,21.6,0,0,True,0.7,698,36,0.0515021459227467,31.5,3.0,0.0,0,0
128,2722.8571428571427,27.142857142857142,0,0,True,0.5714285714285714,312,6,0.0191693290734824,33.666666666666664,4.0,0.0,0,0
129,1273.7142857142858,18.428571428571427,1,1,True,0.8571428571428571,411,41,0.0995145631067961,29.0,4.0,0.0,0,0
130,2868.1111111111118,21.22222222222222,1,0,True,0.7777777777777778,451,28,0.0619469026548672,51.0,3.9641630901287552,0.0,1,0
131,299.3333333333333,11.0,1,0,True,0.8333333333333334,171,5,0.0290697674418604,18.33333333333333,3.9641630901287552,0.0,1,0
132,1250.5,22.0,3,0,False,0.75,355,14,0.0393258426966292,38.0,4.0,0.0,0,0
133,1114.4375,14.0625,4,1,True,0.9375,806,43,0.0532837670384138,34.666666666666664,3.0,0.3333333333333333,0,0
134,1503.875,24.625,4,0,True,0.8125,618,29,0.0468497576736672,29.25,4.4,0.0,0,0
135,1510.4444444444443,21.77777777777778,1,0,True,0.7777777777777778,527,28,0.053030303030303,28.0,4.666666666666667,0.0,0,0
136,114.0,22.75,0,0,False,1.0,248,13,0.0522088353413654,40.85714285714285,4.6,0.0,0,0
137,1173.7142857142858,17.142857142857142,2,1,True,0.7142857142857143,424,30,0.0705882352941176,45.4,3.6666666666666665,0.0,0,0
138,1952.6666666666667,37.25,1,2,True,0.8333333333333334,642,26,0.0404354587869362,26.75,4.0,0.0,0,0
139,1895.142857142857,24.857142857142858,0,0,False,0.7142857142857143,367,13,0.0353260869565217,50.16666666666666,4.25,0.1666666666666666,0,0
140,808.3333333333334,16.8,1,1,True,0.6666666666666666,605,45,0.0742574257425742,33.0,5.0,0.3333333333333333,0,0
141,7996.090909090909,87.0,2,1,True,0.7272727272727273,587,45,0.0765306122448979,18.75,4.0,0.25,0,0
142,2575.5,19.5,3,0,True,0.875,336,20,0.059347181008902,33.2,4.5,0.0,0,0
143,2222.0,19.142857142857142,2,0,False,0.9285714285714286,687,45,0.065406976744186,13.666666666666666,3.5,0.3333333333333333,0,0
144,2968.7,31.3,1,1,True,0.9,498,22,0.0440881763527054,16.25,4.333333333333333,0.0,0,0
145,2612.769230769231,54.0,1,1,True,0.7692307692307693,587,37,0.0629251700680272,42.0,4.25,0.0,0,0
146,1347.428571428571,15.428571428571429,0,0,True,0.8571428571428571,369,31,0.0837837837837837,14.333333333333334,3.0,0.0,0,0
147,800.8571428571429,20.285714285714285,0,0,True,0.8571428571428571,329,17,0.0515151515151515,16.5,3.6666666666666665,0.0,0,0
148,3003.75,36.0,2,0,True,0.875,818,27,0.0329670329670329,48.333333333333336,3.5,0.0,0,0
149,2343.923076923077,22.307692307692307,0,0,True,0.7692307692307693,623,38,0.0608974358974358,38.6,3.75,0.0,0,0
150,1517.2,26.8,0,1,False,0.6,268,4,0.0148698884758364,44.66666666666666,4.333333333333333,0.0,0,0
151,2414.6153846153848,30.23076923076923,3,1,False,0.6923076923076923,477,25,0.0523012552301255,15.0,4.0,0.0,0,0
152,568.0,29.25,1,0,False,0.875,288,9,0.0311418685121107,53.0,5.0,0.0,0,0
153,2603.214285714286,24.857142857142858,2,0,True,0.7857142857142857,687,37,0.0537790697674418,31.33333333333333,3.333333333333333,0.0,0,0
154,2218.0,24.0,1,1,False,0.7272727272727273,502,29,0.0576540755467196,24.5,4.0,0.0,0,0
155,1995.1666666666667,20.58333333333333,0,1,False,0.9166666666666666,512,21,0.0409356725146198,29.166666666666668,4.0,0.0,0,0
156,1586.5555555555557,26.444444444444443,0,0,True,0.6666666666666666,487,33,0.0676229508196721,42.66666666666666,4.0,0.0,0,0
157,2522.0,27.08333333333333,0,1,True,0.75,544,25,0.0458715596330275,39.2,4.0,0.0,0,0
158,1490.3333333333333,20.58333333333333,0,1,False,0.8333333333333334,605,32,0.0528052805280528,36.55555555555556,4.0,0.0,0,0
159,1687.2,20.6,0,0,False,0.6,231,15,0.0646551724137931,50.66666666666666,3.0,0.0,0,0
160,2157.875,23.375,2,0,True,0.875,276,15,0.0541516245487364,33.285714285714285,4.0,0.0,0,0
161,2938.4666666666667,39.0,0,2,False,0.8666666666666667,685,45,0.0655976676384839,37.833333333333336,5.0,0.1666666666666666,0,0
162,1847.8333333333333,13.833333333333334,3,2,True,0.8333333333333334,283,12,0.0422535211267605,52.333333333333336,5.0,0.3333333333333333,0,0
163,1592.0,31.5,0,0,False,1.0,237,24,0.1008403361344537,47.66666666666666,4.333333333333333,0.0,0,0
164,1071.909090909091,23.727272727272727,3,0,True,0.9090909090909092,610,29,0.0474631751227495,45.8,4.0,0.0,0,0
165,4355.666666666667,43.888888888888886,2,0,True,0.5555555555555556,565,45,0.0795053003533568,51.4,3.5,0.2,0,0
166,1508.3636363636365,24.63636363636364,1,0,False,0.6363636363636364,516,33,0.0638297872340425,72.0,3.9641630901287552,0.0,1,0
167,1878.5454545454545,29.09090909090909,1,2,True,0.9090909090909092,595,44,0.0738255033557047,32.75,4.0,0.0,0,0
168,1507.2,25.8,0,0,True,0.8,410,45,0.1094890510948905,28.6,4.0,0.0,0,0
169,1849.2,17.1,1,2,False,0.7,510,22,0.0430528375733855,38.5,4.0,0.5,0,0
170,1141.5454545454545,34.09090909090909,1,1,True,0.9090909090909092,582,28,0.0480274442538593,53.75,3.5,0.0,0,0
171,1469.8181818181818,13.272727272727272,0,1,False,0.9090909090909092,607,39,0.0641447368421052,37.4,5.0,0.0,0,0
172,1310.142857142857,22.714285714285715,1,0,True,0.8571428571428571,296,16,0.0538720538720538,64.25,4.5,0.25,0,0
173,1213.7,18.8,3,0,False,0.8,476,25,0.0524109014675052,43.16666666666666,5.0,0.0,0,0
174,3470.083333333333,34.166666666666664,1,0,True,0.5833333333333334,587,38,0.064625850340136,30.75,3.6666666666666665,0.0,0,0
175,7800.714285714285,163.0,1,0,True,0.8571428571428571,271,25,0.0919117647058823,37.5,3.0,0.0,0,0
176,3154.333333333333,25.666666666666668,0,0,True,0.5,321,26,0.0807453416149068,44.0,4.0,0.25,0,0
177,1741.6923076923076,20.46153846153846,1,1,True,0.6153846153846154,667,32,0.0479041916167664,66.0,4.0,0.5,0,0
178,1714.2631578947369,27.63157894736842,1,1,True,0.7894736842105263,1053,55,0.0521821631878557,32.666666666666664,5.0,0.0,0,0
179,814.4166666666666,20.83333333333333,2,0,False,0.75,696,47,0.0674318507890961,19.25,4.25,0.0,0,0
180,2068.3,26.6,0,1,True,1.0,587,29,0.0493197278911564,15.333333333333334,4.333333333333333,0.0,0,0
181,7230.666666666667,87.0,2,0,True,0.8333333333333334,807,71,0.0878712871287128,29.5,4.0,0.0,0,0
182,1561.0,30.53846153846154,0,2,True,0.8461538461538461,722,34,0.0470262793914246,24.0,3.9641630901287552,0.0,1,0
183,666.8947368421053,16.210526315789473,0,0,True,0.7894736842105263,885,76,0.0857787810383747,45.0,4.4,0.0,0,0
184,583.0,22.0,0,0,True,1.0,171,17,0.0988372093023255,2.0,3.0,0.0,0,0
185,8886.533333333333,73.0,3,0,True,0.8666666666666667,869,54,0.0620689655172413,43.25,4.5,0.0,0,0
186,2138.692307692308,28.307692307692307,1,0,True,0.8461538461538461,692,25,0.036075036075036,35.4,4.75,0.0,0,0
187,10485.75,93.0,0,0,False,0.75,475,23,0.0483193277310924,13.0,3.0,0.0,0,0
188,4083.8888888888887,36.888888888888886,2,0,True,0.7777777777777778,473,23,0.0485232067510548,59.5,3.9641630901287552,0.25,1,0
189,1934.75,30.0,1,0,False,0.875,312,18,0.0575079872204472,35.8,5.0,0.0,0,0
190,1471.2857142857142,24.428571428571427,0,0,False,0.8571428571428571,348,19,0.0544412607449856,53.0,3.9641630901287552,0.0,1,0
191,2050.4,34.6,1,0,False,0.8,183,10,0.0543478260869565,28.5,4.0,0.0,0,0
192,4458.0,55.8,0,0,False,0.8,233,12,0.0512820512820512,19.0,4.0,0.0,0,0
193,1394.7692307692307,31.307692307692307,2,0,True,0.7692307692307693,660,30,0.0453857791225416,52.57142857142857,3.6666666666666665,0.1428571428571428,0,0
194,1081.1818181818182,17.363636363636363,0,0,True,0.9090909090909092,529,38,0.0716981132075471,48.4,3.0,0.0,0,0
195,1787.5,24.08333333333333,2,0,False,0.25,613,34,0.0553745928338762,8.0,4.333333333333333,0.0,0,0
196,2834.375,31.0,2,0,True,0.875,370,21,0.0566037735849056,45.125,4.0,0.0,0,0
197,2866.0,19.75,0,1,True,0.75,533,40,0.0749063670411985,42.5,5.0,0.0,0,0
198,3818.25,26.875,0,0,True,1.0,410,18,0.0437956204379562,41.4,4.0,0.0,0,0
199,5765.333333333333,93.58333333333331,0,0,True,0.75,626,29,0.0462519936204146,39.833333333333336,3.5,0.0,0,0
200,5064.166666666667,62.833333333333336,0,1,False,0.8333333333333334,167,16,0.0952380952380952,33.0,4.2,0.0,0,0
201,3132.8571428571427,38.57142857142857,1,0,True,0.8571428571428571,416,17,0.0407673860911271,38.6,4.0,0.0,0,0
202,846.0,14.928571428571429,3,1,True,0.6428571428571429,653,44,0.0672782874617737,14.25,4.666666666666667,0.25,0,0
203,1835.555555555556,21.22222222222222,0,1,False,1.0,481,17,0.0352697095435684,36.5,3.0,0.0,0,0
204,2689.1666666666665,31.916666666666668,3,0,True,0.9166666666666666,624,40,0.064,20.2,4.0,0.0,0,0
205,1797.0588235294117,15.882352941176473,2,1,True,0.7058823529411765,871,55,0.0630733944954128,37.5,5.0,0.0,0,0
206,2313.75,17.583333333333332,1,1,False,0.6666666666666666,627,29,0.0461783439490445,39.0,3.0,0.0,0,0
207,1588.111111111111,11.555555555555555,0,2,True,0.7777777777777778,360,20,0.0554016620498614,32.0,4.0,0.0,0,0
208,1245.857142857143,16.0,0,0,True,0.8571428571428571,412,24,0.0581113801452784,43.0,3.6666666666666665,0.0,0,0
209,944.9090909090908,23.818181818181817,2,1,True,0.8181818181818182,597,31,0.0518394648829431,18.5,4.5,0.5,0,0
210,2605.6,30.4,0,0,True,1.0,189,6,0.031578947368421,34.333333333333336,4.0,0.0,0,0
211,1353.5,19.75,2,0,True,0.8333333333333334,670,30,0.044709388971684,40.333333333333336,5.0,0.3333333333333333,0,0
212,1159.9375,16.375,3,1,True,0.75,714,54,0.0755244755244755,49.0,4.0,0.0,0,0
213,2070.0,25.545454545454547,1,0,True,0.7272727272727273,461,11,0.0238095238095238,44.2,4.333333333333333,0.0,0,0
214,1819.0,17.2,1,1,False,0.7,492,21,0.0425963488843813,36.5,3.5,0.0,0,0
215,927.1111111111112,15.11111111111111,3,0,True,0.7777777777777778,419,31,0.0738095238095238,51.0,3.5,0.0,0,0
216,1900.571428571429,21.428571428571427,0,1,False,0.6428571428571429,811,48,0.0591133004926108,31.0,4.5,0.0,0,0
217,1525.1764705882354,23.58823529411765,2,1,True,0.5882352941176471,924,59,0.0637837837837837,35.25,4.333333333333333,0.0,0,0
218,2109.375,20.625,0,0,True,0.625,284,18,0.0631578947368421,30.25,4.666666666666667,0.0,0,0
219,1423.3333333333333,28.0,1,0,True,0.8333333333333334,285,15,0.0524475524475524,26.0,3.0,0.0,0,0
220,746.4666666666667,22.866666666666667,2,0,True,1.0,696,31,0.0444763271162123,37.333333333333336,4.4,0.0,0,0
221,1615.1666666666667,28.416666666666668,1,0,False,0.9166666666666666,571,35,0.0611888111888111,37.4,3.75,0.0,0,0
222,3583.25,31.58333333333333,2,0,True,0.8333333333333334,631,34,0.0537974683544303,41.66666666666666,4.0,0.0,0,0
223,3131.769230769231,31.923076923076923,3,0,False,0.7692307692307693,620,41,0.0660225442834138,49.0,3.9641630901287552,0.0,1,0
224,3279.25,59.5,0,0,False,1.0,344,13,0.0376811594202898,29.8,4.0,0.0,0,0
225,1830.6315789473683,21.05263157894737,2,0,True,0.8421052631578947,993,45,0.045271629778672,35.666666666666664,4.0,0.0,0,0
226,1731.5,26.5,2,1,True,0.8,550,34,0.0617059891107078,33.5,4.5,0.5,0,0
227,95.0,22.5,0,0,False,1.0,92,0,0.0,23.166666666666668,4.25,0.1666666666666666,0,0
228,1781.5454545454545,28.545454545454547,4,0,False,0.8181818181818182,574,12,0.0208695652173913,39.6,4.333333333333333,0.0,0,0
229,2140.0,28.8,1,0,False,0.8,617,43,0.0695792880258899,37.333333333333336,4.0,0.0,0,0
230,1096.3636363636365,21.545454545454547,0,1,False,0.7272727272727273,519,26,0.05,45.2,4.333333333333333,0.4,0,0
231,8812.285714285714,69.0,0,0,True,0.8571428571428571,357,21,0.0586592178770949,33.4,4.5,0.0,0,0
232,2808.1,28.9,2,1,True,0.9,393,20,0.0507614213197969,26.6,4.0,0.0,0,0
233,1144.6875,16.5625,2,0,True,0.6875,864,42,0.0485549132947976,57.5,3.6666666666666665,0.0,0,0
234,3770.25,54.75,1,0,False,0.75,211,16,0.0754716981132075,45.75,4.0,0.0,0,0
235,3255.5625,42.5,1,0,False,1.0,601,28,0.0465116279069767,32.857142857142854,4.333333333333333,0.0,0,0
236,1510.7142857142858,25.857142857142858,0,0,False,0.7142857142857143,347,31,0.0890804597701149,36.23851523363719,3.9641630901287552,0.0,1,0
237,1188.0,39.55555555555556,0,0,True,0.7777777777777778,449,28,0.0622222222222222,35.333333333333336,4.333333333333333,0.0,0,0
238,1572.4444444444443,19.11111111111111,1,0,True,0.7777777777777778,352,19,0.0538243626062322,33.0,4.0,0.0,0,0
239,942.0,15.818181818181818,2,0,False,0.9090909090909092,606,31,0.0510708401976935,29.0,5.0,0.0,0,0
240,426.125,15.125,0,0,True,0.75,475,40,0.0840336134453781,13.666666666666666,4.0,0.0,0,0
241,376.55555555555554,20.88888888888889,0,0,False,0.8888888888888888,461,31,0.0670995670995671,28.8,4.0,0.0,0,0
242,688.2857142857143,14.571428571428571,0,0,True,0.8571428571428571,311,24,0.0769230769230769,52.2,4.333333333333333,0.0,0,0
243,1394.25,18.166666666666668,0,1,True,0.9166666666666666,632,23,0.0363349131121642,42.0,4.0,0.0,0,0
244,2553.0,69.0,1,1,False,1.0,205,11,0.0533980582524271,30.714285714285715,3.5,0.0,0,0
245,2697.1111111111118,22.22222222222222,2,0,True,0.8888888888888888,502,30,0.0596421471172962,33.333333333333336,5.0,0.0,0,0
246,913.5833333333334,14.916666666666666,1,2,True,0.9166666666666666,543,35,0.0643382352941176,32.666666666666664,5.0,0.0,0,0
247,2305.7,21.6,1,0,False,0.7,472,29,0.0613107822410148,32.5,3.6666666666666665,0.0,0,0
248,1943.6666666666667,19.266666666666666,0,2,True,0.8,922,47,0.0509209100758396,28.0,4.0,0.3333333333333333,0,0
249,4111.6,48.4,1,0,False,0.7,511,35,0.068359375,39.4,4.0,0.0,0,0
250,1714.5454545454545,41.0,0,0,True,0.6363636363636364,619,38,0.0612903225806451,24.0,4.0,0.0,0,0
251,1751.7333333333331,19.933333333333334,0,1,True,0.8666666666666667,844,46,0.0544378698224852,16.6,3.25,0.2,0,0
252,2155.777777777778,48.11111111111112,3,0,True,0.7777777777777778,420,14,0.0332541567695962,40.42857142857143,3.6666666666666665,0.0,0,0
253,2634.4,35.86666666666667,2,0,False,0.6666666666666666,734,38,0.0517006802721088,36.0,3.0,0.0,0,0
254,4280.5625,35.4375,4,1,True,0.9375,725,43,0.059228650137741,40.25,3.6666666666666665,0.25,0,0
255,2298.769230769231,62.0,0,0,False,0.9230769230769232,866,46,0.0530565167243368,27.0,4.0,0.0,0,0
256,1438.3333333333333,16.416666666666668,2,0,True,0.9166666666666666,693,27,0.0389048991354466,23.666666666666668,4.0,0.0,0,0
257,1460.3333333333333,16.916666666666668,2,0,False,0.6666666666666666,765,41,0.0535248041775456,52.66666666666666,4.0,0.0,0,0
258,4363.3,42.7,0,0,True,0.8,462,43,0.0928725701943844,24.4,3.2,0.0,0,0
259,1645.0588235294117,23.352941176470587,5,2,True,0.8823529411764706,661,38,0.0574018126888217,42.2,3.5,0.0,0,0
260,1162.375,16.5,3,0,False,0.375,511,25,0.048828125,26.0,4.0,0.3333333333333333,0,0
261,2544.909090909091,29.63636363636364,0,0,True,0.9090909090909092,396,26,0.0654911838790932,29.5,4.0,0.0,0,0
262,2459.833333333333,31.83333333333333,0,0,True,0.8333333333333334,248,10,0.0401606425702811,44.2,4.8,0.0,0,0
263,3797.0,26.75,0,1,False,0.375,448,16,0.0356347438752783,39.6,3.6666666666666665,0.0,0,0
264,1053.5,24.666666666666668,1,0,False,0.8333333333333334,230,24,0.1038961038961039,36.0,3.9641630901287552,0.2,1,0
265,3604.1,36.7,2,0,True,0.9,628,36,0.0572337042925278,40.888888888888886,3.5,0.0,0,0
266,394.55555555555554,13.666666666666666,0,0,True,1.0,492,24,0.0486815415821501,26.4,4.333333333333333,0.0,0,0
267,1686.7777777777778,30.77777777777778,3,0,True,0.8888888888888888,363,26,0.0714285714285714,27.0,4.0,0.0,0,0
268,1430.0625,29.5625,4,2,False,0.8125,742,35,0.0471063257065948,27.33333333333333,3.9641630901287552,0.3333333333333333,1,0
269,2543.6666666666665,35.666666666666664,0,0,True,0.75,644,40,0.0620155038759689,25.571428571428573,3.6,0.1428571428571428,0,0
270,921.2857142857144,16.0,0,0,False,1.0,446,19,0.0425055928411633,56.0,3.9641630901287552,0.0,1,0
271,2264.2727272727275,23.0,3,0,True,1.0,565,26,0.0459363957597173,21.8,4.0,0.2,0,0
272,2023.4285714285716,26.714285714285715,0,0,True,0.9285714285714286,583,33,0.0565068493150684,49.25,4.0,0.0,0,0
273,3747.142857142857,86.0,0,0,True,0.7142857142857143,203,10,0.0490196078431372,47.0,4.0,0.0,0,0
274,555.875,27.625,0,0,False,1.0,402,30,0.0744416873449131,39.5,3.5,0.0,0,0
275,3170.9,41.2,0,0,True,0.8,606,45,0.0741350906095551,26.571428571428573,3.5,0.0,0,0
276,1080.6153846153843,16.0,1,2,True,1.0,565,20,0.0353356890459364,35.5,4.0,0.0,0,0
277,1899.888888888889,26.444444444444443,2,0,True,0.8333333333333334,773,43,0.0555555555555555,25.666666666666668,4.0,0.0,0,0
278,3124.4444444444443,21.11111111111111,1,0,True,0.7777777777777778,441,35,0.0791855203619909,33.4,4.0,0.2,0,0
279,996.3333333333334,12.833333333333334,3,1,True,0.9166666666666666,545,45,0.0824175824175824,29.0,3.75,0.0,0,0
280,5540.25,83.0,2,0,False,1.0,414,24,0.0578313253012048,48.5,4.0,0.0,0,0
281,509.2857142857143,17.142857142857142,3,0,True,1.0,493,31,0.0627530364372469,40.333333333333336,4.333333333333333,0.0,0,0
282,3787.714285714286,29.571428571428573,2,0,False,0.7142857142857143,404,20,0.0493827160493827,45.0,3.25,0.0,0,0
283,2107.285714285714,16.285714285714285,0,1,False,1.0,386,24,0.0620155038759689,38.833333333333336,4.2,0.0,0,0
284,3598.4,40.6,2,0,True,0.8,689,61,0.0884057971014492,39.0,5.0,0.0,0,0
285,3127.714285714286,41.0,2,0,False,1.0,404,16,0.0395061728395061,36.23851523363719,3.9641630901287552,0.0,1,0
286,438.875,19.125,1,0,True,0.875,538,31,0.0575139146567718,41.25,3.333333333333333,0.125,0,0
287,1086.0,16.076923076923077,0,0,True,0.7692307692307693,819,34,0.0414634146341463,25.33333333333333,3.0,0.0,0,0
288,1091.3333333333333,21.666666666666668,2,0,True,0.8333333333333334,642,38,0.0590979782270606,37.5,4.333333333333333,0.0,0,0
289,1776.5,23.5,0,1,False,1.0,364,30,0.0821917808219178,23.25,3.9641630901287552,0.25,1,0
290,3139.818181818182,32.90909090909091,0,2,False,0.6363636363636364,714,55,0.0769230769230769,57.5,4.0,0.25,0,0
291,1205.0,24.0,1,1,False,0.75,362,32,0.0881542699724518,41.333333333333336,4.0,0.0,0,0
292,1506.0,35.0,0,0,False,0.6666666666666666,306,18,0.0586319218241042,44.75,3.5,0.25,0,0
293,1889.4166666666667,41.0,1,0,True,0.6666666666666666,464,25,0.053763440860215,26.83333333333333,3.5,0.0,0,0
294,1999.3125,19.8125,2,1,True,0.875,746,63,0.0843373493975903,47.333333333333336,5.0,0.0,0,0
295,2262.076923076923,29.76923076923077,0,1,True,0.7692307692307693,658,49,0.0743550834597875,50.5,3.0,0.0,0,0
296,2275.818181818182,39.27272727272727,4,1,False,0.6363636363636364,611,34,0.0555555555555555,21.2,4.25,0.0,0,0
297,1718.6666666666667,14.666666666666666,1,0,False,0.5,347,21,0.0603448275862069,25.0,3.0,0.0,0,0
298,3803.25,44.25,3,1,False,0.875,482,25,0.05175983436853,51.333333333333336,3.333333333333333,0.0,0,0
299,2209.714285714286,24.571428571428573,0,0,True,1.0,346,19,0.0547550432276657,32.8,4.333333333333333,0.0,0,0
300,1922.625,19.875,0,1,True,0.5,444,24,0.0539325842696629,61.0,5.0,0.0,0,0
301,5168.0,40.0,0,0,False,0.5,413,25,0.0603864734299516,20.666666666666668,5.0,0.0,0,0
302,1878.4375,24.8125,1,0,True,0.8125,893,46,0.0514541387024608,64.0,4.0,0.0,0,0
303,3645.6,65.2,2,1,False,0.6,455,21,0.0460526315789473,37.333333333333336,4.5,0.0,0,0
304,3230.4,33.666666666666664,2,2,True,0.8,665,50,0.075075075075075,46.5,3.5,0.0,0,0
305,2736.25,29.25,0,0,False,1.0,185,15,0.0806451612903225,57.5,3.9641630901287552,0.0,1,0
306,966.9090909090908,19.454545454545453,2,0,True,0.9090909090909092,473,16,0.0337552742616033,58.0,3.0,0.0,0,0
307,1643.75,27.58333333333333,0,1,True,0.8333333333333334,597,22,0.0367892976588628,33.5,4.0,0.0,0,0
308,2498.230769230769,34.92307692307692,0,0,True,0.7692307692307693,729,45,0.0616438356164383,30.2,5.0,0.0,0,0
309,1704.6666666666667,53.77777777777778,3,2,True,0.8888888888888888,376,18,0.0477453580901856,35.333333333333336,3.333333333333333,0.1666666666666666,0,0
310,1782.3,12.8,3,0,True,0.9,556,37,0.0664272890484739,42.25,4.0,0.0,0,0
311,1046.6666666666667,15.333333333333334,3,1,True,0.7777777777777778,439,17,0.0386363636363636,37.0,4.0,0.0,0,0
312,2376.5,20.0,2,1,False,0.75,709,33,0.0464788732394366,30.33333333333333,3.0,0.0,0,0
313,516.1428571428571,24.0,0,1,False,1.0,324,20,0.0615384615384615,36.23851523363719,3.9641630901287552,0.0,1,0
314,2826.866666666667,30.466666666666665,0,0,True,0.6,830,54,0.0649819494584837,36.2,5.0,0.0,0,0
315,2133.75,17.75,0,1,True,0.875,788,47,0.0595690747782002,32.6,4.0,0.0,0,0
316,1848.111111111111,19.55555555555556,0,0,False,0.8888888888888888,373,14,0.0374331550802139,39.16666666666666,3.8,0.5,0,0
317,2161.8125,21.8125,3,1,True,0.75,749,48,0.064,41.0,4.0,0.0,0,0
318,1800.25,14.125,0,0,True,0.625,366,20,0.0544959128065395,17.666666666666668,4.0,0.0,0,0
319,1462.5,22.5,0,1,False,0.6666666666666666,317,13,0.040880503144654,36.23851523363719,3.9641630901287552,0.0,1,0
320,2409.4166666666665,31.416666666666668,1,0,True,0.75,517,26,0.0501930501930501,36.333333333333336,4.5,0.0,0,0
321,1677.5833333333333,23.25,2,1,True,0.75,733,53,0.0722070844686648,64.0,4.0,0.0,0,0
322,2727.928571428572,23.428571428571427,3,0,True,0.9285714285714286,627,29,0.0461783439490445,40.0,4.666666666666667,0.25,0,0
323,569.8181818181819,17.454545454545453,2,0,True,0.8181818181818182,576,37,0.0641247833622183,36.833333333333336,3.25,0.0,0,0
324,4204.4,47.6,0,0,False,0.6,230,13,0.0562770562770562,31.5,3.0,0.0,0,0
325,963.9166666666666,14.833333333333334,1,0,False,0.9166666666666666,545,43,0.0787545787545787,72.0,4.0,0.0,0,0
326,2443.333333333333,22.25,2,0,False,0.9166666666666666,551,26,0.0471014492753623,44.5,5.0,0.0,0,0
327,4064.6666666666665,34.0,0,1,True,0.8666666666666667,625,35,0.0559105431309904,56.5,4.0,0.0,0,0
328,2044.75,32.625,1,0,True,0.75,369,12,0.0324324324324324,33.5,3.5,0.0,0,0
329,3468.25,31.25,2,0,True,0.875,531,42,0.0789473684210526,24.5,4.0,0.0,0,0
330,3438.9166666666665,56.333333333333336,1,2,True,0.9166666666666666,634,29,0.0456692913385826,33.666666666666664,3.5,0.0,0,0
331,1664.125,26.625,0,1,True,0.875,808,46,0.0568603213844252,24.666666666666668,5.0,0.0,0,0
332,2714.5,33.333333333333336,2,1,False,0.8333333333333334,612,36,0.0587275693311582,41.0,3.5,0.0,0,0
333,3071.6666666666665,38.0,0,0,True,1.0,294,12,0.0406779661016949,28.33333333333333,3.6666666666666665,0.3333333333333333,0,0
334,2413.714285714286,44.0,0,0,True,0.7142857142857143,296,11,0.037037037037037,13.0,3.0,0.0,0,0
335,2451.333333333333,24.33333333333333,0,0,True,0.6666666666666666,215,18,0.0833333333333333,34.0,5.0,0.0,0,0
336,2956.4444444444443,17.555555555555557,0,0,True,0.7777777777777778,334,26,0.0776119402985074,47.333333333333336,3.5,0.0,0,0
337,1282.1666666666667,39.16666666666666,1,1,True,1.0,300,12,0.0398671096345514,31.25,4.0,0.0,0,0
338,587.2727272727273,25.818181818181817,1,0,True,0.8181818181818182,687,33,0.0479651162790697,54.333333333333336,3.9641630901287552,0.0,1,0
339,7334.444444444444,70.0,2,1,True,0.5555555555555556,507,28,0.0551181102362204,37.25,3.0,0.25,0,0
340,6283.2,51.0,1,0,False,0.6,326,22,0.0672782874617737,42.333333333333336,3.5,0.0,0,0
341,1132.2666666666669,26.33333333333333,0,0,True,0.8,633,39,0.0615141955835962,31.25,3.0,0.0,0,0
342,801.0,27.666666666666668,0,0,True,1.0,278,16,0.057347670250896,38.5,4.0,0.0,0,0
343,3586.2,43.0,0,0,False,1.0,398,18,0.0451127819548872,24.666666666666668,4.0,0.0,0,0
344,1581.2857142857142,23.0,1,0,False,0.8571428571428571,329,12,0.0363636363636363,61.5,3.5,0.0,0,0
345,1590.6666666666667,47.25,1,1,False,0.75,696,60,0.0860832137733142,42.0,3.0,0.0,0,0
346,778.0,22.0,0,1,False,0.25,174,11,0.0628571428571428,39.5,4.0,0.0,0,0
347,537.5,16.0,0,0,True,1.0,519,31,0.0596153846153846,16.0,3.9641630901287552,0.0,1,0
348,2721.555555555556,26.22222222222222,0,0,True,0.8888888888888888,438,18,0.041002277904328,48.25,3.0,0.0,0,0
349,6217.285714285715,45.57142857142857,3,0,True,0.8571428571428571,387,13,0.0335051546391752,40.0,4.333333333333333,0.0,0,0
350,4045.714285714286,80.0,0,0,False,0.5714285714285714,412,23,0.0556900726392251,28.666666666666668,4.0,0.0,0,0
351,848.25,29.0,0,0,False,0.75,226,17,0.0748898678414096,42.6,3.0,0.0,0,0
352,402.75,21.0,0,0,True,0.875,380,16,0.0419947506561679,28.666666666666668,3.0,0.0,0,0
353,2802.875,35.0,1,1,False,1.0,421,11,0.0260663507109004,24.2,4.2,0.0,0,0
354,2379.833333333333,31.25,1,0,False,0.9166666666666666,571,26,0.0454545454545454,17.0,5.0,0.0,0,0
355,2391.2,20.8,2,0,True,0.6666666666666666,738,39,0.0527740189445196,47.5,4.0,0.0,0,0
356,1507.0,15.727272727272728,0,3,False,0.8181818181818182,623,55,0.0881410256410256,29.2,3.75,0.2,0,0
357,1010.2857142857144,26.285714285714285,0,0,True,0.7142857142857143,307,12,0.0389610389610389,31.83333333333333,3.333333333333333,0.1666666666666666,0,0
358,2183.0,30.615384615384617,1,3,False,0.7692307692307693,642,32,0.0497667185069984,31.5,4.0,0.0,0,0
359,1113.857142857143,31.857142857142858,2,0,False,1.0,385,11,0.0284974093264248,27.0,4.0,0.0,0,0
360,2038.375,47.875,0,2,True,0.75,405,36,0.0886699507389162,11.0,3.0,0.0,0,0
361,2076.2,21.8,0,1,False,1.0,164,7,0.0424242424242424,23.5,4.5,0.0,0,0
362,2180.909090909091,29.818181818181817,2,1,True,0.9090909090909092,618,42,0.0678513731825525,22.33333333333333,4.0,0.0,0,0
363,1064.571428571429,23.0,2,0,False,1.0,315,11,0.0348101265822784,32.72727272727273,4.142857142857143,0.0,0,0
364,2547.846153846154,25.76923076923077,3,2,True,0.8461538461538461,650,37,0.0568356374807987,45.333333333333336,4.5,0.0,0,0
365,1205.0,21.2,1,0,False,1.0,232,8,0.0343347639484978,26.25,4.0,0.0,0,0
366,1770.0,35.0,1,0,False,0.5714285714285714,321,9,0.0279503105590062,41.16666666666666,4.2,0.1666666666666666,0,0
367,1504.0,12.625,0,0,True,1.0,394,14,0.0354430379746835,40.57142857142857,3.75,0.0,0,0
368,1969.636363636364,46.0,2,1,False,0.8181818181818182,635,43,0.0676100628930817,38.285714285714285,4.0,0.1428571428571428,0,0
369,1056.0,22.692307692307693,0,0,True,1.0,575,28,0.0486111111111111,36.0,4.0,0.2,0,0
370,1979.090909090909,20.09090909090909,0,1,True,0.7272727272727273,503,19,0.0376984126984126,63.0,4.0,0.0,0,0
371,4350.333333333333,51.333333333333336,2,0,True,0.8333333333333334,507,34,0.0669291338582677,42.0,4.666666666666667,0.0,0,0
372,2998.076923076923,41.15384615384615,1,0,False,0.6923076923076923,653,30,0.0458715596330275,24.0,3.5,0.0,0,0
373,3208.333333333333,28.33333333333333,1,0,False,0.6666666666666666,176,13,0.0734463276836158,32.5,4.0,0.25,0,0
374,260.0,9.833333333333334,0,0,True,0.6666666666666666,262,14,0.053231939163498,14.5,5.0,0.0,0,0
375,1242.2,15.8,1,1,False,0.9,561,29,0.0516014234875444,28.0,5.0,0.25,0,0
376,2259.777777777778,27.22222222222222,2,0,True,0.6666666666666666,457,24,0.0524017467248908,48.333333333333336,3.0,0.0,0,0
377,1227.4,24.4,0,0,True,0.8,577,26,0.0449826989619377,48.333333333333336,3.5,0.0,0,0
378,3223.75,28.75,1,2,True,0.625,375,30,0.0797872340425532,50.333333333333336,4.0,0.0,0,0
379,2390.5,23.5,1,1,True,1.0,518,36,0.0693641618497109,40.0,3.2,0.0,0,0
380,2665.1428571428573,32.0,1,0,True,0.8571428571428571,435,33,0.0756880733944954,39.0,5.0,0.0,0,0
381,1706.25,15.916666666666666,0,0,True,0.8333333333333334,489,21,0.0428571428571428,42.25,3.6666666666666665,0.0,0,0
382,2452.75,26.33333333333333,1,1,True,0.9166666666666666,708,40,0.0564174894217207,33.0,3.75,0.25,0,0
383,646.875,13.125,1,1,True,0.75,337,20,0.059171597633136,31.33333333333333,4.0,0.1111111111111111,0,0
384,1539.0,38.0,2,1,True,1.0,461,32,0.0692640692640692,26.666666666666668,4.0,0.0,0,0
385,708.6666666666666,10.916666666666666,0,0,True,0.75,581,30,0.0515463917525773,36.66666666666666,3.0,0.0,0,0
386,1627.3333333333333,25.77777777777778,0,1,False,0.7777777777777778,427,18,0.0420560747663551,36.0,3.6,0.0,0,0
387,10140.0,70.0,1,0,False,1.0,363,22,0.0604395604395604,36.333333333333336,5.0,0.3333333333333333,0,0
388,1189.25,17.0,1,1,True,0.75,445,27,0.0605381165919282,59.0,3.0,0.0,0,0
389,1322.4444444444443,23.11111111111111,1,0,False,0.7777777777777778,337,13,0.0384615384615384,27.5,4.0,0.0,0,0
390,5659.142857142857,61.57142857142857,2,1,False,1.0,334,18,0.053731343283582,35.6,4.0,0.0,0,0
391,769.1428571428571,10.285714285714286,0,0,False,0.5714285714285714,343,18,0.0523255813953488,30.6,3.5,0.0,0,0
392,3009.333333333333,42.333333333333336,3,0,False,0.75,640,28,0.0436817472698908,64.0,3.0,0.0,0,0
393,1521.7,28.1,1,0,True,0.9,474,20,0.0421052631578947,27.714285714285715,4.2,0.1428571428571428,0,0
394,1339.2,24.0,2,1,True,0.9333333333333332,1005,47,0.0467196819085487,32.0,4.0,0.0,0,0
395,1641.0,35.0625,0,1,True,0.75,796,34,0.0426599749058971,30.75,3.0,0.0,0,0
396,374.57142857142856,14.857142857142858,2,0,False,0.4285714285714285,314,26,0.0825396825396825,16.333333333333332,3.5,0.0,0,0
397,2180.1666666666665,41.5,1,1,True,0.8333333333333334,178,10,0.0558659217877094,38.0,4.25,0.0,0,0
398,1635.1,17.7,2,0,False,0.8,465,32,0.0686695278969957,34.5,4.0,0.0,0,0
399,1006.3,17.0,1,0,True,0.8,394,39,0.0987341772151898,33.25,4.333333333333333,0.0,0,0
400,688.2307692307693,17.23076923076923,1,1,False,0.8461538461538461,618,48,0.0775444264943457,30.2,4.5,0.0,0,0
401,2228.5714285714284,27.285714285714285,1,1,True,0.8571428571428571,268,18,0.0669144981412639,14.5,3.5,0.0,0,0
402,2156.7,36.7,1,0,True,0.9,551,24,0.0434782608695652,4.666666666666667,4.0,0.0,0,0
403,2237.9,18.6,0,1,True,0.9,506,29,0.0571992110453648,46.25,3.6666666666666665,0.0,0,0
404,1795.0833333333333,22.916666666666668,4,1,True,0.6666666666666666,721,46,0.0637119113573407,67.0,4.0,0.0,0,0
405,802.0,20.666666666666668,2,0,True,0.3333333333333333,284,13,0.0456140350877193,32.25,5.0,0.25,0,0
406,2886.0666666666666,23.266666666666666,0,1,True,0.8666666666666667,864,45,0.0520231213872832,38.4,4.6,0.0,0,0
407,2259.0,31.375,2,0,True,0.75,379,18,0.0473684210526315,29.5,4.0,0.0,0,0
408,5417.888888888889,47.11111111111112,2,0,True,0.6666666666666666,579,31,0.0534482758620689,42.285714285714285,3.8,0.1428571428571428,0,0
409,1976.3333333333333,30.33333333333333,0,0,False,1.0,494,19,0.0383838383838383,41.66666666666666,3.5,0.0,0,0
410,1224.4,15.2,1,1,False,0.4,586,28,0.0477001703577512,42.2,4.333333333333333,0.0,0,0
411,568.3636363636364,7.090909090909091,0,0,True,1.0,531,39,0.0733082706766917,28.857142857142858,3.0,0.0,0,0
412,1845.888888888889,22.444444444444443,0,1,True,0.7777777777777778,458,24,0.0522875816993464,49.5,4.0,0.0,0,0
413,3734.5833333333335,44.41666666666666,1,0,True,0.75,481,31,0.0643153526970954,37.5,3.75,0.0,0,0
414,2014.076923076923,19.923076923076923,3,0,False,0.6923076923076923,644,48,0.0744186046511627,58.0,4.0,0.0,0,0
415,4324.7,59.0,1,0,False,0.6,562,22,0.039076376554174,20.5,5.0,0.0,0,0
416,2351.1111111111118,31.11111111111111,1,1,True,0.7777777777777778,457,34,0.074235807860262,24.25,4.0,0.0,0,0
417,1665.625,53.125,0,0,False,0.875,436,34,0.0778032036613272,32.0,4.5,0.0,0,0
418,1450.3684210526317,29.473684210526315,3,0,True,0.8947368421052632,793,53,0.0667506297229219,21.0,3.5,0.0,0,0
419,13806.0,117.0,1,1,True,0.9,488,33,0.0674846625766871,39.25,4.0,0.0,0,0
420,823.8888888888889,22.0,1,3,False,0.8888888888888888,477,29,0.0606694560669456,36.23851523363719,3.9641630901287552,0.0,1,0
421,3153.9166666666665,24.416666666666668,3,2,False,0.8333333333333334,604,43,0.0710743801652892,17.0,4.0,1.0,0,0
422,2132.4,15.6,1,1,False,0.8,344,23,0.0666666666666666,36.0,4.0,0.0,0,0
423,3480.428571428572,23.928571428571427,4,1,True,0.7857142857142857,617,32,0.0517799352750809,31.0,4.0,0.0,0,0
424,1536.6,18.73333333333333,1,1,True,0.9333333333333332,690,40,0.0578871201157742,40.6,4.0,0.0,0,0
425,1023.3571428571428,30.214285714285715,1,2,True,0.6428571428571429,679,46,0.0676470588235294,39.8,4.25,0.2,0,0
426,2444.8571428571427,18.857142857142858,0,0,True,1.0,419,19,0.0452380952380952,39.142857142857146,3.333333333333333,0.1428571428571428,0,0
427,1156.375,21.5,0,1,True,0.75,586,27,0.0459965928449744,66.0,5.0,0.0,0,0
428,2650.25,27.1875,2,0,True,0.875,730,58,0.0793433652530779,49.5,4.0,0.1666666666666666,0,0
429,1166.2,18.066666666666663,2,0,True,0.8666666666666667,833,26,0.0311750599520383,27.0,3.9641630901287552,0.0,1,0
430,1593.375,25.5,0,1,False,0.75,500,32,0.0638722554890219,35.666666666666664,3.8,0.0,0,0
431,1640.5384615384614,20.923076923076923,0,0,True,0.9230769230769232,537,28,0.0520446096654275,43.142857142857146,3.0,0.0,0,0
432,2173.181818181818,38.18181818181818,0,0,True,0.5454545454545454,505,33,0.0652173913043478,30.6,3.333333333333333,0.0,0,0
433,3074.4,25.8,1,0,True,0.7,475,44,0.0924369747899159,59.0,3.0,0.0,0,0
434,1066.3636363636365,17.09090909090909,2,0,True,0.8181818181818182,697,40,0.0573065902578796,68.5,3.0,0.5,0,0
435,1191.5454545454545,23.363636363636363,1,1,True,0.7272727272727273,420,14,0.0332541567695962,53.0,5.0,0.0,0,0
436,1791.357142857143,25.928571428571427,1,1,False,0.7857142857142857,599,19,0.0316666666666666,29.666666666666668,4.25,0.0,0,0
437,6456.363636363636,67.0,0,1,True,0.6363636363636364,432,21,0.0484988452655889,30.375,4.0,0.0,0,0
438,1718.571428571429,23.285714285714285,1,1,False,0.7142857142857143,347,22,0.0632183908045977,39.5,3.5,0.0,0,0
439,409.1666666666667,16.833333333333332,1,0,False,0.5833333333333334,456,24,0.0525164113785558,30.666666666666668,4.666666666666667,0.0,0,0
440,2469.4666666666667,46.53333333333333,0,3,True,0.6666666666666666,840,47,0.0558858501783591,35.0,3.0,0.0,0,0
441,1394.2222222222222,33.55555555555556,1,0,False,1.0,465,18,0.03862660944206,37.8,4.0,0.0,0,0
442,699.6,33.0,0,0,True,0.8,295,22,0.0743243243243243,17.0,3.75,0.0,0,0
443,1256.9,31.6,0,0,True,0.8,446,27,0.0604026845637583,41.0,4.5,0.0,0,0
444,3784.5454545454554,40.81818181818182,1,1,True,0.7272727272727273,638,27,0.0422535211267605,30.25,4.0,0.0,0,0
445,1689.2857142857142,25.142857142857142,3,0,True,0.8571428571428571,401,26,0.0646766169154228,26.714285714285715,4.333333333333333,0.0,0,0
446,3542.4,44.8,1,0,False,0.8,439,21,0.0477272727272727,57.0,4.0,0.0,0,0
447,6666.571428571428,47.71428571428572,3,0,False,0.8571428571428571,371,35,0.0940860215053763,27.4,4.0,0.2,0,0
448,2703.714285714286,23.428571428571427,0,1,True,0.5714285714285714,339,10,0.0294117647058823,29.125,3.6666666666666665,0.0,0,0
449,3009.5,16.75,2,1,True,0.75,417,18,0.0430622009569378,37.0,5.0,0.0,0,0
450,1304.8,18.9,0,0,True,0.9,382,23,0.0600522193211488,42.66666666666666,3.9641630901287552,0.0,1,0
451,3387.8,36.13333333333333,0,2,True,0.9333333333333332,629,24,0.0380952380952381,70.5,3.9641630901287552,0.0,1,0
452,1498.2222222222222,26.444444444444443,2,0,False,0.7777777777777778,527,25,0.0473484848484848,30.33333333333333,4.6,0.1666666666666666,0,0
453,2846.25,55.0,1,0,True,0.9166666666666666,681,25,0.0366568914956011,1.0,3.0,0.0,0,0
454,2052.909090909091,30.454545454545453,0,0,False,0.8181818181818182,679,30,0.0441176470588235,36.23851523363719,3.9641630901287552,0.0,1,0
455,1670.1666666666667,13.916666666666666,0,0,True,0.8333333333333334,703,36,0.0511363636363636,45.0,4.0,0.0,0,0
456,1618.857142857143,25.142857142857142,0,0,True,1.0,373,17,0.0454545454545454,36.66666666666666,4.0,0.0,0,0
457,937.875,16.25,2,0,False,0.75,266,18,0.0674157303370786,31.0,3.0,0.0,0,0
458,1240.5454545454545,22.727272727272727,1,0,True,0.7272727272727273,552,36,0.0650994575045208,43.0,4.0,0.2,0,0
459,2414.8888888888887,19.55555555555556,3,0,True,0.7777777777777778,601,29,0.048172757475083,41.5,5.0,0.0,0,0
460,2094.5,30.5,0,0,True,0.8333333333333334,273,18,0.0656934306569343,44.44444444444444,4.142857142857143,0.0,0,0
461,2318.428571428572,36.0,0,0,False,0.8571428571428571,300,15,0.0498338870431893,64.0,3.9641630901287552,0.0,1,0
462,1512.25,30.25,1,0,True,0.8333333333333334,663,38,0.0572289156626506,68.0,5.0,0.0,0,0
463,2664.0,33.5,0,0,True,0.8333333333333334,547,17,0.0310218978102189,33.6,4.5,0.0,0,0
464,2547.333333333333,28.8,3,1,True,0.6666666666666666,693,27,0.0389048991354466,22.4,4.333333333333333,0.0,0,0
465,4209.6,32.4,0,0,True,0.9,538,44,0.0816326530612244,34.0,4.0,0.0,0,0
466,3616.2,42.0,2,0,True,0.7,493,28,0.0566801619433198,44.55555555555556,4.0,0.0,0,0
467,963.9166666666666,26.25,1,1,False,0.9166666666666666,511,33,0.064453125,33.75,3.0,0.0,0,0
468,1501.4,16.2,0,1,True,0.6,309,11,0.0354838709677419,34.8,4.333333333333333,0.2,0,0
469,2107.5,28.2,1,1,False,0.8,595,22,0.0369127516778523,36.0,3.6666666666666665,0.0,0,0
470,1152.7857142857142,13.642857142857142,3,1,True,0.9285714285714286,713,38,0.0532212885154061,36.333333333333336,4.0,0.3333333333333333,0,0
471,2844.6666666666665,28.5,2,0,True,0.8333333333333334,659,31,0.0469696969696969,6.333333333333333,4.0,0.0,0,0
472,841.0,29.0,0,0,False,1.0,119,10,0.0833333333333333,35.5,4.0,0.5,0,0
473,729.75,5.25,1,0,False,1.0,139,10,0.0714285714285714,20.0,4.8,0.0,0,0
474,3224.4,40.0,0,1,False,0.8,229,15,0.0652173913043478,42.66666666666666,4.666666666666667,0.0,0,0
475,1497.3076923076924,15.923076923076923,1,0,True,0.9230769230769232,672,36,0.0534918276374442,42.66666666666666,3.5,0.0,0,0
476,2617.090909090909,20.363636363636363,0,0,True,0.7272727272727273,520,22,0.0422264875239923,46.5,5.0,0.0,0,0
477,1265.7777777777778,16.444444444444443,0,0,True,0.7777777777777778,376,31,0.0822281167108753,30.75,4.25,0.125,0,0
478,1571.7272727272727,19.818181818181817,0,3,True,0.7272727272727273,624,49,0.0784,17.0,4.0,0.0,0,0
479,1663.75,17.75,2,0,True,0.875,384,28,0.0727272727272727,29.25,3.0,0.0,0,0
480,3912.0,33.1,1,1,True,0.6,438,18,0.041002277904328,47.5,3.0,0.25,0,0
481,2335.9,25.7,1,1,True,0.8,524,37,0.0704761904761904,55.0,4.0,0.2,0,0
482,1343.357142857143,14.428571428571429,1,1,False,0.5714285714285714,528,31,0.0586011342155009,45.0,4.0,0.0,0,0
483,2166.6363636363635,27.272727272727277,1,0,False,0.7272727272727273,561,33,0.0587188612099644,31.714285714285715,3.6666666666666665,0.0,0,0
484,1555.7,32.3,1,0,True,0.8,484,22,0.045360824742268,49.833333333333336,4.0,0.0,0,0
485,1742.9166666666667,21.83333333333333,0,0,False,0.9166666666666666,552,34,0.0614828209764918,16.0,3.0,0.0,0,0
486,5769.166666666667,70.0,0,0,False,1.0,600,42,0.0698835274542429,49.2,5.0,0.0,0,0
487,4171.714285714285,49.285714285714285,3,0,True,0.7857142857142857,585,24,0.0409556313993174,52.25,4.666666666666667,0.25,0,0
488,2928.1428571428573,19.571428571428573,2,0,True,0.4285714285714285,337,16,0.0473372781065088,40.66666666666666,4.0,0.0,0,0
489,1923.6666666666667,30.33333333333333,0,0,False,0.6666666666666666,207,7,0.0336538461538461,26.166666666666668,3.6666666666666665,0.0,0,0
490,1359.4,25.6,0,1,False,1.0,299,14,0.0466666666666666,28.0,4.0,0.0,0,0
491,383.1,11.5,2,0,True,0.9,567,42,0.0739436619718309,48.75,4.166666666666667,0.125,0,0
492,3125.555555555556,58.0,1,1,True,0.7777777777777778,456,21,0.0459518599562363,44.333333333333336,3.5,0.1666666666666666,0,0
493,2368.1666666666665,24.08333333333333,4,1,False,0.8333333333333334,681,39,0.0571847507331378,17.8,4.0,0.0,0,0
494,2061.2,42.7,1,0,True,0.9,564,29,0.0513274336283185,28.8,3.6666666666666665,0.0,0,0
495,1353.2,11.4,2,0,True,0.9,335,17,0.050595238095238,28.5,5.0,0.0,0,0
496,481.6666666666667,29.11111111111111,1,0,True,0.7777777777777778,408,23,0.0562347188264058,35.5,3.5,0.0,0,0
497,3097.0,30.55555555555556,2,0,True,0.6666666666666666,393,12,0.0304568527918781,50.0,3.9641630901287552,0.0,1,0
498,1335.9333333333334,19.33333333333333,0,1,True,0.5333333333333333,857,64,0.0745920745920745,17.714285714285715,4.5,0.1428571428571428,0,0
499,1432.2,21.6,1,0,True,0.8,529,28,0.0528301886792452,36.23851523363719,3.9641630901287552,0.0,1,0
